,"Current health expenditure (CHE) per capita in PPP int$","Current health expenditure (CHE) per capita in PPP int$","Current health expenditure (CHE) per capita in PPP int$","Current health expenditure (CHE) per capita in PPP int$","Current health expenditure (CHE) per capita in PPP int$","Current health expenditure (CHE) per capita in PPP int$","Current health expenditure (CHE) per capita in PPP int$","Current health expenditure (CHE) per capita in PPP int$","Current health expenditure (CHE) per capita in PPP int$","Current health expenditure (CHE) per capita in PPP int$","Current health expenditure (CHE) per capita in PPP int$","Current health expenditure (CHE) per capita in PPP int$","Current health expenditure (CHE) per capita in PPP int$","Current health expenditure (CHE) per capita in PPP int$","Current health expenditure (CHE) per capita in PPP int$","Current health expenditure (CHE) per capita in PPP int$","Current health expenditure (CHE) per capita in PPP int$","Current health expenditure (CHE) per capita in PPP int$"
"Country","2017","2016","2015","2014","2013","2012","2011","2010","2009","2008","2007","2006","2005","2004","2003","2002","2001","2000"
"Afghanistan","","174.7","183.9","176.9","164.2","144.0","138.8","132.3","143.8","127.6","104.7","111.3","98.6","87.7","80.9","79.8","",""
"Algeria","974.8","992.6","1022.9","932.8","829.6","804.9","684.3","645.1","656.0","510.9","452.5","380.1","354.9","360.6","346.4","332.3","322.9","282.3"
"Andorra","5237.2","4990.4","5093.2","4963.5","4652.2","4414.7","4010.3","3937.5","3966.1","3983.9","4098.1","3974.6","3741.4","3350.2","3277.3","3284.2","3143.0","3049.0"
"Angola","185.9","183.5","185.1","175.4","190.9","162.3","167.9","167.8","233.6","206.0","168.6","134.8","129.0","156.6","127.4","117.9","174.0","71.8"
"Antigua and Barbuda","1070.8","986.5","1007.5","1081.8","1057.5","1007.8","985.5","976.3","891.2","1017.4","1082.6","968.5","897.8","874.4","899.4","785.4","755.8","671.3"
"Argentina","1916.5","1521.1","1794.3","1640.3","1691.4","1657.0","1648.2","1578.8","1497.0","1358.5","1283.3","1149.4","1051.4","898.4","864.5","844.4","1068.6","1085.1"
"Armenia","1001.1","880.0","885.6","857.3","827.4","699.3","658.4","606.4","533.8","482.0","363.1","328.0","279.5","244.1","253.5","229.9","121.4","97.2"
"Australia","4816.2","4634.7","4413.7","4305.8","4179.1","3792.1","3770.5","3595.0","3555.7","3295.7","3177.6","3007.0","2833.4","2745.9","2548.6","2429.0","2267.6","2147.5"
"Austria","5617.4","5404.5","5206.0","5082.5","4945.4","4750.6","4465.7","4299.5","4189.3","4024.8","3760.6","3592.1","3381.7","3288.1","3073.5","2935.8","2761.8","2707.2"
"Azerbaijan","1163.9","1155.0","1201.3","968.9","872.6","796.4","712.3","746.7","777.0","555.4","572.2","556.7","523.8","392.6","289.5","159.8","143.1","136.3"
"Bahamas","1756.1","1810.1","1733.6","1771.5","1803.9","1811.9","1750.5","1695.8","1681.2","1728.9","1687.8","1610.2","1341.4","1286.0","1184.4","1144.7","1082.0","1054.5"
"Bahrain","2265.3","2294.8","2333.9","2041.4","1908.0","1714.3","1436.7","1527.2","1598.6","1332.0","1330.4","1199.1","1221.2","1298.6","1445.8","1363.2","1340.4","1268.5"
"Bangladesh","94.3","88.7","88.3","83.4","78.1","75.8","71.0","64.1","58.0","53.8","51.8","46.3","41.8","37.4","34.5","32.4","28.6","27.6"
"Barbados","1343.2","1323.9","1262.5","1252.1","1311.2","1291.9","1135.6","1089.9","1134.1","1070.4","984.3","1038.1","954.7","964.6","848.4","716.1","661.5","641.3"
"Belarus","1129.1","1072.1","1115.9","1019.9","1040.8","933.3","837.2","880.5","787.2","789.9","753.7","659.3","630.3","524.5","457.7","405.8","383.6","329.5"
"Belgium","5119.1","4873.9","4702.4","4657.1","4531.0","4368.6","4199.1","4015.6","3867.8","3574.8","3312.5","3164.6","3011.7","2948.7","2833.5","2524.6","2352.5","2225.5"
"Belize","481.0","513.4","505.2","474.5","460.9","432.9","442.6","444.3","437.4","386.3","375.0","338.4","328.0","309.5","308.2","268.1","269.9","228.2"
"Benin","84.7","83.7","84.7","77.1","78.4","88.3","76.9","72.9","68.4","65.1","67.2","65.3","62.0","63.7","60.4","59.1","61.1","55.9"
"Bhutan","290.4","292.7","288.2","254.0","255.6","237.1","206.2","201.4","185.6","168.7","188.4","175.4","152.2","159.2","134.2","136.8","137.5","116.6"
"Bolivia (Plurinational State of)","491.7","494.9","456.9","394.1","352.1","310.2","289.6","275.6","264.3","229.7","220.0","206.8","212.1","191.9","195.0","178.6","172.2","153.7"
"Bosnia and Herzegovina","1172.4","1139.4","1088.1","1055.7","1025.7","965.2","908.1","838.7","811.8","854.4","755.6","655.5","569.1","536.2","435.7","368.3","346.9","350.2"
"Botswana","1044.3","924.1","920.2","921.5","983.7","872.8","785.4","791.9","772.6","748.4","647.9","530.1","507.2","549.9","563.0","556.1","502.1","470.6"
"Brazil","1472.2","1401.0","1392.6","1363.8","1276.4","1192.0","1166.1","1131.5","1109.1","1062.3","1025.3","957.1","879.8","844.9","793.4","827.4","787.8","751.0"
"Brunei Darussalam","1875.0","1975.2","1901.8","1539.2","1556.6","1546.7","1536.7","1797.7","2040.3","1635.3","1712.3","1656.4","1828.1","2047.0","2056.8","1944.3","1889.0","1835.7"
"Bulgaria","1689.7","1599.1","1486.8","1485.7","1300.4","1227.3","1115.3","1057.4","932.7","898.3","785.6","740.9","706.4","631.2","603.0","549.1","469.3","373.5"
"Burkina Faso","129.1","124.4","99.3","94.1","101.4","80.3","77.0","82.2","77.0","70.0","74.2","60.8","50.1","49.1","35.1","31.1","29.6","28.3"
"Burundi","59.2","58.9","48.5","60.4","66.9","64.5","73.7","80.2","71.2","63.0","69.8","63.9","51.5","46.7","36.7","38.6","37.0","35.0"
"Cabo Verde","357.1","319.9","304.4","333.7","327.2","313.2","258.0","255.5","218.1","204.6","222.3","227.6","198.2","184.1","168.1","170.0","161.9","147.3"
"Cambodia","238.2","228.6","217.7","221.2","218.4","207.7","199.5","170.8","177.4","155.5","107.7","120.6","120.1","108.1","94.9","90.8","82.9","71.3"
"Cameroon","173.9","169.4","165.1","153.1","144.8","139.9","100.9","129.3","122.0","123.7","113.9","107.2","104.3","99.5","101.5","96.3","89.8","82.2"
"Canada","4928.6","4809.3","4652.2","4568.4","4497.2","4342.4","4278.6","4253.7","4137.1","3849.9","3710.3","3544.5","3277.8","3073.7","2915.5","2745.7","2605.6","2417.9"
"Central African Republic","42.0","29.7","41.9","30.6","29.8","37.1","34.6","32.3","36.3","33.2","38.5","34.1","34.3","29.3","29.6","28.8","25.4","27.6"
"Chad","87.3","100.5","99.9","94.2","84.9","77.4","73.0","76.7","75.6","68.0","71.5","78.1","77.6","85.1","64.4","75.5","51.8","48.6"
"Chile","2228.6","1980.8","1905.6","1793.7","1680.9","1517.9","1384.0","1235.5","1168.9","1115.4","1048.7","952.8","841.7","817.3","797.5","753.7","716.4","675.6"
"China","841.1","763.0","705.6","634.7","574.7","508.2","438.6","384.1","357.1","292.0","248.9","229.2","210.1","188.1","172.2","152.9","134.6","129.5"
"Colombia","1039.2","1017.1","1007.1","956.5","919.5","811.4","778.5","748.7","739.5","688.0","627.5","565.5","498.4","434.8","403.5","374.4","375.4","344.8"
"Comoros","123.2","120.2","121.9","120.8","120.2","117.7","134.0","121.2","117.8","119.1","120.5","122.3","123.3","120.5","122.4","127.2","123.0","133.5"
"Congo","164.8","170.3","202.1","145.7","136.6","132.7","99.0","102.9","102.9","99.5","86.8","79.7","79.2","82.4","80.2","71.1","87.1","60.1"
"Cook Islands","691.9","657.0","524.8","561.0","538.7","547.4","557.1","530.7","537.9","496.8","545.7","507.0","522.5","466.8","424.2","438.2","412.8","365.5"
"Costa Rica","1262.2","1237.0","1231.4","1197.0","1145.3","1119.3","1101.0","1033.2","959.9","926.3","823.7","745.4","657.1","618.5","615.4","579.3","528.9","516.1"
"CÃ´te d'Ivoire","175.7","167.2","153.1","166.5","153.5","169.2","154.4","160.8","161.3","162.1","157.8","141.0","126.3","119.4","103.0","100.9","112.3","130.8"
"Croatia","1772.5","1667.6","1553.8","1475.2","1420.1","1644.5","1612.7","1598.6","1633.3","1604.3","1443.3","1215.8","1056.8","954.6","861.0","784.1","836.5","811.2"
"Cuba","2485.8","2463.0","3142.4","2675.1","2203.6","1867.4","2148.0","2022.2","2174.5","1962.3","1834.2","1287.4","1067.3","747.2","755.9","710.1","637.9","546.7"
"Cyprus","2430.2","2295.3","2151.8","2047.1","2103.6","2139.6","2216.9","2112.9","2221.7","2122.6","1781.3","1653.5","1520.4","1411.0","1375.6","1330.5","1228.2","1135.9"
"Czechia","2753.4","2521.8","2442.0","2472.2","2379.5","2042.6","2011.0","1919.1","2016.3","1777.9","1578.5","1475.3","1402.7","1328.4","1273.4","1127.1","1032.0","923.6"
"Democratic Republic of the Congo","37.3","38.0","34.7","33.0","27.4","24.2","22.3","24.9","28.0","30.7","25.5","24.5","22.6","22.1","18.0","12.0","12.1","7.1"
"Denmark","5510.0","5180.1","5038.4","4886.6","4762.4","4597.6","4516.3","4453.6","4315.1","3938.9","3643.4","3425.7","3109.0","2968.0","2744.7","2670.2","2492.5","2327.1"
"Djibouti","117.2","130.7","146.7","130.6","122.0","131.5","128.2","108.0","109.4","106.2","108.8","104.6","91.1","89.6","103.0","89.7","68.6","70.3"
"Dominica","656.7","576.2","568.4","596.9","549.2","592.9","540.8","556.2","551.5","541.0","487.0","435.3","404.8","383.4","378.9","357.0","355.9","341.6"
"Dominican Republic","985.7","929.4","855.9","782.4","711.8","689.5","642.1","608.4","512.6","474.5","407.1","355.4","349.3","309.0","304.7","349.3","327.3","317.4"
"Ecuador","958.9","937.0","985.9","993.1","946.8","892.1","780.8","652.4","572.2","518.7","490.6","461.2","427.4","397.9","355.5","283.5","228.7","194.1"
"Egypt","613.8","597.9","575.4","489.9","473.7","455.8","450.1","421.7","426.1","419.8","389.2","392.4","368.7","343.7","352.2","359.7","345.6","303.1"
"El Salvador","582.7","602.9","578.7","559.5","543.8","512.0","530.3","508.3","503.7","468.1","449.9","448.3","445.9","425.6","408.1","413.6","405.5","400.0"
"Equatorial Guinea","758.9","824.4","857.7","730.9","636.8","458.9","533.9","600.8","691.4","703.0","526.5","450.1","418.7","570.8","533.8","440.4","361.8","219.7"
"Eritrea","59.3","54.4","48.9","47.7","47.1","47.0","62.7","48.0","59.5","51.8","60.2","76.7","77.0","76.4","79.2","75.2","65.8","59.4"
"Estonia","2153.3","2009.1","1866.4","1770.0","1649.7","1513.6","1426.7","1365.1","1340.1","1302.4","1103.0","917.7","838.4","741.4","635.6","546.9","491.7","485.1"
"Eswatini","600.1","578.9","590.5","609.8","613.2","607.9","620.3","614.0","598.3","611.2","541.8","506.7","442.9","377.7","334.4","274.9","243.1","213.3"
"Ethiopia","66.7","66.9","64.6","60.7","56.0","56.9","52.0","57.5","44.0","38.0","40.4","32.3","26.8","25.1","25.1","24.9","24.9","21.4"
"Fiji","322.8","315.7","323.1","317.1","281.9","271.7","255.0","266.5","267.2","244.6","257.3","250.0","233.2","225.4","190.5","185.8","173.0","196.2"
"Finland","4255.2","4117.2","4095.4","3938.1","3582.8","3779.0","3643.6","3437.2","3356.9","3229.9","2947.5","2746.5","2554.5","2419.8","2217.0","2098.9","1937.3","1826.5"
"France","5011.2","4842.6","4688.6","4655.4","4547.3","4288.6","4218.0","4057.8","3941.5","3711.0","3543.4","3393.3","3135.6","2970.7","2854.9","2876.5","2685.7","2516.2"
"Gabon","499.6","562.3","477.8","446.4","486.2","398.7","406.5","372.4","554.7","410.3","484.2","450.4","433.4","483.6","509.8","472.3","452.6","436.0"
"Gambia","55.8","48.6","51.7","55.6","66.8","97.6","95.2","92.4","89.1","87.8","81.2","75.3","67.0","60.1","54.7","46.1","47.9","44.5"
"Georgia","773.3","799.2","719.2","728.3","670.7","626.3","570.0","584.1","552.3","496.1","413.5","363.3","337.2","295.5","267.2","227.2","192.7","178.5"
"Germany","5922.6","5568.3","5352.0","5186.1","4952.2","4700.6","4579.9","4311.4","4121.4","3857.7","3632.4","3461.6","3268.4","3166.4","3100.1","2968.7","2814.4","2687.0"
"Ghana","146.9","144.6","188.7","165.9","182.5","205.4","215.8","184.7","174.0","152.2","136.7","129.7","197.6","142.4","131.1","125.0","137.5","116.8"
"Greece","2295.3","2257.2","2168.9","2126.9","2188.5","2237.7","2374.4","2691.4","2878.3","2746.1","2478.8","2373.4","2210.0","2075.8","","","",""
"Grenada","721.1","666.7","642.8","600.9","663.3","668.5","696.5","678.2","662.9","677.7","670.7","630.3","577.2","482.4","483.5","478.7","427.0","407.1"
"Guatemala","474.8","478.0","464.2","448.8","448.2","422.9","406.3","404.4","411.9","407.4","402.1","390.5","355.4","349.8","335.4","321.5","314.9","244.0"
"Guinea","89.2","109.2","109.1","87.8","61.4","58.2","61.6","46.6","44.1","44.0","44.8","40.3","63.4","58.2","61.1","67.9","57.0","52.7"
"Guinea-Bissau","123.3","130.1","132.7","140.2","101.5","81.9","88.9","91.2","95.4","95.1","96.2","89.3","91.5","91.1","72.8","67.8","72.9","81.6"
"Guyana","405.1","403.3","341.5","375.4","350.7","320.3","316.9","311.0","278.7","255.3","259.0","228.0","345.1","318.6","271.6","261.4","241.6","222.4"
"Haiti","146.1","150.7","152.2","136.2","122.3","156.2","159.8","119.8","96.3","91.8","88.9","79.4","76.6","78.7","79.4","81.9","90.6","94.8"
"Honduras","394.8","389.9","355.9","365.3","367.2","364.5","355.8","339.2","337.9","338.2","307.4","285.7","252.7","215.5","200.6","178.4","164.3","169.5"
"Hungary","1979.4","1912.6","1835.0","1808.4","1773.1","1722.3","1720.5","1617.1","1495.7","1467.8","1372.8","1427.7","1364.6","1259.8","1254.0","1032.8","900.8","802.7"
"Iceland","4721.4","4311.3","3979.4","3772.5","3594.1","3385.2","3318.0","3352.7","3744.4","3797.9","3627.1","3498.5","3426.0","3381.3","3272.4","3110.2","2822.0","2666.7"
"India","253.3","233.0","220.7","206.0","197.3","163.8","150.5","145.9","143.1","135.2","130.2","122.6","117.4","111.9","103.8","101.5","98.5","88.5"
"Indonesia","367.9","362.6","333.5","329.5","296.1","273.7","261.2","244.6","224.1","214.0","219.5","189.4","170.7","133.4","132.8","111.3","113.7","95.5"
"Iran (Islamic Republic of)","1748.4","1711.7","1333.5","1208.7","1009.0","1115.7","1196.0","1176.5","1080.3","873.2","827.1","787.4","748.8","682.1","644.4","545.9","555.0","504.0"
"Iraq","","","494.8","438.5","445.1","401.0","370.2","402.4","448.5","356.2","338.7","260.1","281.0","355.0","181.6","","",""
"Ireland","5544.7","5268.3","5085.0","4962.4","4948.7","4954.6","4813.0","4557.8","4378.4","4059.5","3697.9","3372.9","3128.9","2822.6","2560.5","2369.7","2100.9","1795.1"
"Israel","3014.6","2867.0","2615.2","2532.0","2491.0","2316.9","2186.7","2079.1","2001.6","1968.5","1963.2","1853.3","1856.6","1865.5","1779.3","1898.6","1891.6","1773.4"
"Italy","3619.7","3465.3","3307.3","3250.8","3264.3","3253.4","3212.0","3139.1","3103.1","3040.1","2785.3","2738.9","2516.8","2419.0","2291.8","2263.5","2170.6","2049.4"
"Jamaica","542.9","506.8","489.2","445.4","436.2","408.2","399.6","392.3","377.8","447.5","419.2","353.8","332.4","380.3","318.4","322.8","341.1","362.7"
"Japan","4563.5","4425.0","4368.7","4214.5","4177.5","3988.3","3778.2","3191.7","2995.1","2842.5","2711.6","2572.0","2452.8","2315.6","2195.4","2097.0","2012.7","1908.8"
"Jordan","756.7","658.3","695.9","675.5","667.4","730.4","768.6","778.4","896.5","816.7","742.3","677.0","694.2","653.6","607.2","617.9","599.5","552.4"
"Kazakhstan","820.4","860.2","756.3","667.5","675.8","680.4","568.6","537.0","639.6","552.9","470.0","533.6","542.1","493.7","413.9","363.5","314.5","324.3"
"Kenya","158.2","158.6","158.1","158.8","153.6","148.9","148.6","148.3","136.9","135.7","135.3","124.2","117.9","111.7","103.2","96.5","93.8","87.2"
"Kiribati","234.9","202.8","166.5","188.4","180.9","157.9","150.1","158.2","235.7","247.7","205.3","203.1","200.8","203.5","176.3","192.7","192.5","136.3"
"Kuwait","3796.7","2914.5","2936.0","2393.3","1986.4","2036.0","2028.0","2031.0","3069.4","1739.8","1946.4","1989.7","1978.5","2082.1","2182.3","2039.9","2001.9","1393.6"
"Kyrgyzstan","241.2","233.9","251.1","250.0","266.6","249.5","207.9","190.9","190.9","176.8","172.3","187.7","159.9","130.2","111.7","81.0","74.8","72.2"
"Lao People's Democratic Republic","177.9","154.8","150.8","132.0","127.3","101.5","89.5","126.7","145.9","108.2","117.7","101.3","103.1","101.0","117.8","91.5","95.5","87.2"
"Latvia","1682.3","1598.3","1405.8","1296.1","1217.7","1146.0","1093.9","1067.9","1028.1","1085.9","1041.7","899.9","807.6","756.4","602.4","578.3","518.5","434.3"
"Lebanon","1185.3","1105.9","1090.0","1141.1","1141.8","1222.2","1278.6","1199.5","1068.3","1091.9","1081.8","982.8","832.9","859.1","862.9","934.5","1061.8","1067.0"
"Lesotho","265.5","238.2","246.4","251.4","255.9","235.1","224.7","185.4","197.3","165.9","149.7","99.8","84.4","88.5","87.2","87.8","95.4","84.9"
"Liberia","104.7","123.0","133.4","119.4","108.2","105.1","105.2","93.6","96.8","76.5","85.1","61.8","65.4","58.9","21.7","26.2","30.4","37.3"
"Libya","","","","","","","627.3","958.1","970.0","562.0","610.7","605.3","603.8","693.6","846.4","852.3","809.0","696.5"
"Lithuania","2132.6","1999.1","1861.5","1739.0","1629.1","1542.2","1472.8","1349.9","1326.0","1298.5","1093.3","956.5","811.6","712.9","742.2","641.8","565.0","521.8"
"Luxembourg","5956.5","5804.1","5697.8","5695.6","5486.8","6091.2","5694.4","6078.3","6091.5","5725.2","5277.9","5268.9","4941.7","4737.3","4217.5","3979.3","3604.0","3286.7"
"Madagascar","85.5","91.9","83.8","73.7","59.9","61.6","70.9","72.2","68.9","69.0","71.7","76.5","74.3","72.4","62.0","59.7","67.1","59.9"
"Malawi","114.8","114.7","109.0","111.9","127.5","89.9","78.8","73.3","79.7","78.3","65.6","54.2","45.3","41.4","32.0","24.6","33.4","39.9"
"Malaysia","1139.0","1053.6","1040.6","964.6","860.3","816.5","739.4","667.6","664.4","632.3","610.2","578.6","485.8","485.8","461.6","398.6","380.9","356.0"
"Maldives","1506.9","1593.7","1279.9","1147.9","1109.4","1114.8","1003.4","998.1","1124.0","1404.1","935.0","841.2","728.8","707.7","604.3","639.9","562.7","768.7"
"Mali","84.2","80.3","84.3","88.3","73.8","67.7","74.0","84.5","90.3","85.6","86.0","87.0","79.2","78.2","75.6","67.4","68.7","64.5"
"Malta","3943.1","3552.2","3383.8","3165.3","2766.5","2548.9","2455.2","2286.5","2120.1","2093.5","2050.7","2054.0","1938.3","1738.5","1656.0","1515.6","1301.6","1210.8"
"Marshall Islands","709.7","732.4","693.6","587.1","575.1","540.9","527.0","529.1","516.8","549.2","572.3","660.1","631.9","479.1","394.4","395.3","431.4","456.5"
"Mauritania","170.1","157.5","181.9","165.5","136.5","120.6","109.2","111.2","126.3","126.7","121.0","110.3","121.6","116.2","121.9","117.8","106.4","101.4"
"Mauritius","1278.0","1208.3","1152.2","1063.0","858.5","746.6","714.2","716.4","627.8","571.7","478.0","452.8","427.9","387.2","346.0","323.1","287.8","270.5"
"Mexico","1035.6","1020.0","1026.0","984.4","1000.9","973.2","915.0","886.8","868.9","829.2","804.4","762.9","721.9","702.9","651.5","552.9","522.1","479.7"
"Micronesia (Federated States of)","493.2","447.1","437.6","390.4","405.1","419.5","447.6","424.0","391.3","365.0","336.1","321.5","513.5","329.5","262.7","208.8","218.8","191.7"
"Monaco","2991.1","3017.8","3405.2","3466.8","3249.4","3004.1","2888.0","2795.5","2687.2","2607.5","2399.3","2330.4","2300.6","2214.5","2101.5","1852.6","1744.2","1629.2"
"Mongolia","518.1","542.2","516.6","502.5","452.2","384.6","318.5","282.4","318.0","331.6","270.8","223.1","202.1","204.5","179.5","210.3","194.5","210.1"
"Morocco","438.1","417.9","401.2","402.7","418.8","403.9","389.1","375.6","360.7","315.6","302.4","262.3","230.7","217.2","196.4","178.8","161.0","142.9"
"Mozambique","61.8","62.6","62.9","68.1","58.2","52.9","42.8","46.0","42.5","37.6","42.5","44.0","41.8","30.2","29.6","26.8","24.3","16.8"
"Myanmar","287.6","272.9","280.7","209.1","140.9","98.1","69.6","66.5","69.7","62.7","53.4","52.2","47.0","42.8","35.5","31.6","24.7","22.0"
"Namibia","895.4","965.7","1058.3","852.7","856.8","868.8","856.6","805.5","709.8","782.2","821.7","744.0","687.1","656.4","561.2","527.4","489.4","486.8"
"Nauru","1309.6","1556.5","1381.2","928.0","708.4","714.0","660.8","708.9","585.4","1348.6","868.5","579.4","509.5","598.8","725.8","732.2","746.8","740.7"
"Nepal","150.1","156.0","153.7","138.1","119.5","110.8","103.1","96.8","82.5","77.4","69.5","63.8","67.6","65.6","59.0","57.7","55.9","46.8"
"Netherlands","5513.1","5304.1","5205.2","5213.5","5219.3","4989.3","4779.4","4585.0","4465.5","4316.8","3979.7","3723.1","3425.7","3264.3","3095.6","2987.5","2685.2","2466.1"
"New Zealand","3767.5","3660.6","3481.5","3467.7","3335.7","3141.4","3088.9","2983.4","2940.1","2709.6","2439.9","2395.6","2123.6","1985.0","1853.1","1834.5","1693.3","1607.1"
"Nicaragua","506.2","487.0","423.6","405.0","360.4","347.1","314.2","278.2","283.9","275.6","260.8","214.4","203.3","187.7","155.9","161.6","154.6","143.0"
"Niger","78.9","61.7","69.6","55.9","53.9","51.3","53.3","54.8","60.3","58.2","55.4","59.1","55.1","45.2","44.6","44.4","42.2","39.8"
"Nigeria","221.1","214.6","217.5","201.2","194.8","181.7","174.6","166.7","170.6","159.8","154.9","156.9","157.7","151.7","155.2","72.0","80.9","75.9"
"Niue","1106.5","972.3","1037.0","1294.5","1077.9","963.3","1839.9","1095.3","2129.9","1884.0","1371.1","4468.3","1005.5","1399.8","746.2","854.1","4349.8","510.6"
"Norway","6518.9","6143.8","6144.1","6192.9","6012.9","5774.4","5492.1","5190.6","5055.8","4945.3","4525.5","4300.0","3995.4","3761.8","3562.2","3429.1","3037.7","2856.9"
"Oman","1590.8","1856.9","1833.0","1504.4","1213.7","1118.2","1074.4","1218.6","1249.8","868.5","983.3","900.5","954.8","1066.4","1119.7","1155.3","1134.5","1067.4"
"Pakistan","160.6","149.7","134.8","131.6","120.5","105.0","101.0","109.0","108.9","120.0","126.8","115.2","104.3","83.0","79.6","88.3","82.4","86.1"
"Palau","1777.8","1809.4","1652.5","1652.8","1555.5","1500.7","1352.8","1360.5","1203.4","1169.0","1275.8","1208.1","1160.7","1159.2","980.8","887.7","838.3","872.7"
"Panama","1794.8","1681.0","1513.6","1461.8","1336.5","1236.9","1131.2","1097.9","1017.4","993.8","913.7","765.5","658.5","695.3","608.7","613.9","591.5","593.3"
"Papua New Guinea","103.9","104.5","78.2","129.0","102.0","87.8","72.4","65.9","66.8","58.3","66.6","60.3","88.6","92.9","83.1","87.1","73.6","64.8"
"Paraguay","866.6","832.9","802.6","768.9","666.4","659.7","509.5","444.0","386.1","362.9","340.2","323.3","293.0","292.6","282.8","263.9","318.6","349.5"
"Peru","681.2","670.4","637.2","613.1","559.9","531.2","480.7","464.8","448.3","402.0","358.8","331.3","302.5","298.7","300.7","286.7","259.8","233.0"
"Philippines","371.7","344.2","317.3","287.2","292.0","267.0","240.1","236.4","222.7","205.4","191.3","178.9","165.9","127.0","119.0","97.1","101.6","105.6"
"Poland","1958.2","1814.9","1717.4","1626.8","1575.0","1477.9","1424.5","1351.8","1268.3","1167.3","985.8","878.0","806.8","782.8","730.5","716.0","630.3","564.3"
"Portugal","2917.4","2801.3","2659.0","2587.1","2528.7","2466.5","2548.8","2681.4","2616.2","2491.9","2332.7","2254.8","2146.9","1998.3","1857.7","1747.3","1647.3","1588.0"
"Qatar","3354.4","3892.2","3991.1","3094.4","2640.6","2232.6","2069.5","2193.3","2435.1","1839.9","2208.8","2397.4","2511.1","3086.8","3188.2","2237.1","2026.9","1724.2"
"Republic of Korea","2980.2","2745.1","2540.3","2307.6","2156.8","2076.5","1973.2","1889.4","1722.5","1621.0","1484.2","1325.1","1157.9","1041.6","975.0","889.8","870.7","717.3"
"Republic of Moldova","476.7","479.5","515.8","517.4","486.3","462.2","455.9","465.6","482.6","407.3","372.1","335.9","281.0","237.2","167.8","162.3","124.6","111.1"
"Republic of North Macedonia","926.9","944.8","877.2","841.0","850.4","783.2","757.0","756.9","712.5","682.7","607.3","633.8","595.9","599.3","585.8","566.1","505.3","543.5"
"Romania","1367.8","1188.4","1066.2","1035.4","1026.1","891.5","839.3","976.5","875.0","838.9","679.3","583.7","529.2","490.4","404.6","326.3","281.6","246.0"
"Russian Federation","1404.2","1291.3","1296.5","1355.6","1329.7","1269.8","1159.9","1089.1","1170.0","1056.9","844.9","760.1","604.0","521.7","512.3","475.9","414.0","367.6"
"Rwanda","134.4","131.0","120.9","119.0","109.0","129.3","118.9","115.9","107.1","103.0","100.2","92.8","81.7","71.8","62.1","27.7","26.3","26.8"
"Saint Kitts and Nevis","1442.1","1397.6","1347.5","1299.1","1302.7","1220.9","1242.7","1214.7","1240.9","1255.7","1026.7","1082.7","946.8","814.3","823.9","796.5","764.4","789.9"
"Saint Lucia","662.3","712.5","620.5","645.8","710.4","682.0","683.0","625.8","668.0","660.1","633.8","611.4","534.4","514.5","517.2","503.9","473.6","459.3"
"Saint Vincent and the Grenadines","528.1","499.2","475.6","479.9","483.0","478.3","440.9","442.0","430.4","412.2","387.8","353.7","334.7","320.0","307.6","288.9","267.6","257.2"
"Samoa","364.0","353.2","336.9","362.6","351.4","277.5","307.3","288.7","296.4","265.4","263.5","245.9","231.6","200.5","175.6","178.2","143.1","145.0"
"San Marino","4369.7","3963.9","3584.8","3796.4","3870.6","3966.4","3897.4","3776.9","3880.8","3711.8","3339.3","3090.7","2784.2","2694.7","2338.6","2524.2","2694.4","2561.3"
"Sao Tome and Principe","209.2","201.8","169.6","206.5","229.3","179.4","182.1","177.1","176.4","172.9","184.3","180.4","228.4","218.2","222.6","177.2","177.1","182.3"
"Saudi Arabia","2826.3","3176.9","3249.4","2759.8","2294.2","2034.4","1801.1","1623.0","1846.8","1331.9","1514.3","1511.8","1385.8","1372.1","1414.2","1370.6","1499.8","1437.5"
"Senegal","143.1","139.2","136.8","131.4","124.0","118.0","112.6","106.8","99.6","91.0","84.8","89.8","86.3","100.2","90.6","80.5","76.8","68.1"
"Serbia","1382.2","1346.6","1312.5","1352.4","1359.0","1296.6","1249.9","1216.7","1169.4","1195.3","1050.3","864.6","759.0","664.4","584.7","548.1","421.3","371.8"
"Seychelles","1485.5","1439.9","1213.8","1187.9","1067.2","1264.1","984.9","945.8","712.4","737.3","760.8","773.0","736.8","693.5","729.5","659.8","774.8","674.0"
"Sierra Leone","205.4","255.8","288.8","352.7","198.6","151.4","165.5","128.6","125.2","109.7","106.3","102.1","104.3","99.9","94.3","93.5","73.2","121.6"
"Singapore","4270.0","4020.7","3696.4","3358.1","3068.3","2647.3","2404.7","2295.9","2123.3","2036.3","1782.9","1689.8","1594.5","1540.4","1610.2","1447.5","1323.4","1413.3"
"Slovakia","2184.2","2193.9","2033.8","1999.4","2101.1","2035.4","1918.6","1947.7","1836.1","1651.4","1522.1","1294.4","1096.3","969.4","771.6","733.2","660.6","602.2"
"Slovenia","2960.6","2815.5","2689.4","2625.7","2621.2","2533.2","2472.9","2385.1","2360.9","2338.1","2076.9","2013.6","1910.0","1806.0","1708.6","1624.0","1494.5","1405.8"
"Solomon Islands","115.2","121.7","120.5","133.0","121.8","120.8","147.1","133.0","136.9","149.2","151.5","154.0","157.4","117.3","100.5","129.4","88.1","66.2"
"South Africa","1097.8","1076.1","1083.7","1038.2","988.1","965.2","908.6","863.5","803.9","753.8","711.3","680.7","643.7","608.8","582.5","559.6","583.3","562.2"
"South Sudan","175.8","","","","","","","","","","","","","","","","",""
"Spain","3468.7","3297.0","3190.5","3039.8","2934.1","2899.0","2915.9","2882.3","2917.9","2791.0","2578.3","2410.5","2143.1","2011.3","1902.7","1673.4","1561.1","1471.3"
"Sri Lanka","503.6","490.5","465.9","408.8","407.5","346.2","341.7","323.1","369.0","338.3","312.6","289.2","264.6","253.2","212.7","227.2","218.0","220.7"
"Sudan","313.7","325.5","289.3","234.9","276.4","220.3","272.8","243.6","291.8","263.2","278.0","208.8","165.5","145.2","127.3","102.1","96.2","87.2"
"Suriname","946.4","928.9","972.6","783.0","768.3","707.5","702.9","700.3","704.4","654.0","684.7","719.3","744.1","733.1","599.3","604.3","436.2","651.2"
"Sweden","5699.6","5426.9","5358.2","5210.9","5093.7","4910.9","4689.3","3543.4","3562.9","3493.2","3288.9","3064.8","2817.3","2775.4","2669.0","2562.3","2384.4","2173.0"
"Switzerland","8217.0","7891.6","7640.0","7158.1","6843.1","6430.9","6082.6","5706.0","5626.3","5376.2","5010.7","4622.5","4403.8","4325.2","4138.7","4029.8","3776.4","3529.3"
"Syrian Arab Republic","","","","","","159.7","184.9","169.5","175.3","161.0","171.1","167.5","171.6","175.2","186.2","172.0","152.8","144.9"
"Tajikistan","231.4","208.8","194.8","179.3","165.3","141.7","129.6","118.3","114.6","112.4","98.2","81.9","79.0","67.5","59.5","50.2","46.4","40.5"
"Thailand","670.9","639.1","597.3","578.4","529.0","518.8","483.0","447.9","441.5","423.8","379.1","342.0","324.2","301.4","287.1","272.1","231.0","225.8"
"Timor-Leste","263.8","316.8","276.1","156.4","154.0","123.7","122.3","123.9","146.4","97.0","90.1","82.1","75.3","71.7","64.9","","",""
"Togo","103.7","106.0","96.7","94.5","88.9","82.5","76.2","70.9","57.0","49.3","47.7","43.7","40.0","36.6","33.9","32.1","32.5","32.1"
"Tonga","335.3","317.1","265.4","278.8","217.3","261.2","200.1","241.6","188.4","280.0","211.8","248.5","198.4","197.0","147.8","149.0","135.9","110.4"
"Trinidad and Tobago","2205.8","2133.3","2093.3","1740.2","1680.7","1562.1","1484.9","1581.3","1643.3","1135.4","1231.3","1149.3","1055.5","942.5","829.8","806.9","631.6","625.5"
"Tunisia","863.3","812.9","805.7","774.5","752.3","700.5","651.0","601.5","559.5","520.5","496.0","453.3","422.9","403.5","373.2","346.2","322.0","303.0"
"Turkey","1180.6","1132.6","1064.0","1044.6","982.6","924.2","921.7","880.6","857.0","844.1","784.0","706.7","587.5","538.6","485.9","475.9","453.8","443.0"
"Turkmenistan","1249.6","1118.6","1008.4","832.6","707.0","595.6","549.0","486.6","430.7","501.6","389.3","550.0","552.5","529.9","399.3","315.8","363.7","291.3"
"Tuvalu","694.3","634.5","606.7","557.9","593.1","468.7","495.9","484.0","433.4","336.5","321.7","351.9","284.8","273.5","401.1","363.7","485.5","592.0"
"Uganda","122.7","122.9","126.0","126.8","126.4","134.3","162.5","167.8","150.6","174.4","165.5","154.5","131.8","103.1","88.9","87.0","74.4","66.0"
"Ukraine","584.6","537.8","531.2","553.7","641.4","606.9","566.1","523.0","480.4","467.1","486.6","465.8","412.6","374.7","343.0","278.6","246.3","210.1"
"United Arab Emirates","2468.5","2487.9","2547.8","2452.8","2298.6","2074.3","2142.0","2174.5","2381.7","2005.8","1905.1","1879.4","1896.0","2082.5","2172.1","2144.7","1987.7","1922.7"
"United Kingdom of Great Britain and Northern Ireland","4338.4","4182.2","4089.9","4003.5","3871.5","3151.4","3095.7","3049.7","2960.1","2795.6","2633.0","2534.7","2339.7","2243.8","2063.4","1901.2","1739.8","1570.7"
"United Republic of Tanzania","104.3","107.5","94.5","99.9","109.7","112.5","108.9","106.0","98.7","105.0","125.3","131.9","95.0","80.2","69.3","57.4","49.0","37.3"
"United States of America","10246.1","9941.3","9538.1","9068.0","8647.6","8441.0","8169.9","7957.3","7699.4","7420.7","7175.9","6819.8","6451.8","6099.8","5737.1","5328.3","4910.7","4560.1"
"Uruguay","2101.9","1986.3","1907.9","1837.5","1762.7","1650.4","1546.1","1438.1","1328.9","1297.7","1098.8","1040.8","973.3","939.6","1008.4","986.7","1066.2","1020.9"
"Uzbekistan","447.9","417.0","375.3","324.9","319.9","296.7","256.1","232.0","203.3","175.7","161.7","147.0","135.9","125.4","123.1","115.2","113.0","105.5"
"Vanuatu","110.4","116.4","128.3","105.6","124.5","111.3","102.0","97.5","90.8","86.2","81.4","84.2","76.8","77.6","73.8","79.3","73.3","74.1"
"Venezuela (Bolivarian Republic of)","141.0","445.0","846.9","1019.9","1022.7","1161.0","1218.8","1107.3","1245.6","1101.8","1266.9","1200.3","805.9","806.4","747.5","831.7","930.9","837.9"
"Viet Nam","375.6","356.7","335.3","321.7","330.1","308.5","272.1","257.6","214.4","198.3","197.1","178.6","154.5","144.9","117.2","106.6","125.0","98.5"
"Yemen","","","139.0","192.7","199.2","200.9","181.5","226.3","247.5","233.9","229.9","211.6","192.7","192.5","193.4","157.8","157.3","143.7"
"Zambia","180.3","176.5","171.8","147.0","174.0","140.6","116.3","119.5","131.1","111.0","112.7","140.5","151.7","144.6","137.7","122.6","114.4","119.2"
"Zimbabwe","201.0","180.9","174.8","183.8","150.1","146.4","149.5","181.6","","","","","","","","","",""
