country,1960,1961,1962,1963,1964,1965,1966,1967,1968,1969,1970,1971,1972,1973,1974,1975,1976,1977,1978,1979,1980,1981,1982,1983,1984,1985,1986,1987,1988,1989,1990,1991,1992,1993,1994,1995,1996,1997,1998,1999,2000,2001,2002,2003,2004,2005,2006,2007,2008,2009,2010,2011,2012,2013,2014,2015,2016,2017,2018
Afghanistan,,,,,,,,,,,,,,,,,,,,,,,,,,,,,,,,,,,,,,,,,,,,,,,,,,,544,,,,,,,,
Albania,,,,,,,,,,,,,,,,,,,,,,,,,,,,,,,,,,,,,,,,,,,,,,,,,3790,3870,4050,4210,4250,4400,4450,4580,4760,4880,
Algeria,2870,2490,1780,2190,2220,2240,2060,2220,2400,2560,2660,2320,2890,2910,3040,3090,3230,3160,3390,3500,3430,3410,3540,3650,3770,3820,3740,3610,3430,3510,3440,3240,3270,3170,3060,3080,3130,3140,3280,3310,3350,3500,3610,3820,3900,4000,4050,4290,4370,4350,4470,4460,4460,4470,4550,4610,4770,4700,
Angola,,,,,,,,,,,,,,,,,,,,,,,,,,,,,,,,,,,,,,,,,1720,1820,2180,2190,2300,2520,2650,2970,3030,3270,3240,3230,3410,3510,3610,3590,3370,3320,
Antigua and Barbuda,,,,,,,,,,,,,,,,,,,,,,,,,,,,,,,,,,,,,,,,,,,,,,,,,,,12700,,,,,,,,
Argentina,5790,6020,5860,5460,5930,6460,6410,6280,6370,6940,6830,7450,7270,7490,7780,7730,7360,7690,7250,7850,7850,7220,6810,7010,7040,6560,6920,6990,6820,5990,6000,6530,7030,7560,7890,7540,7850,8380,8570,8180,8020,7570,6500,7090,7090,7620,8880,9650,9950,9220,10000,10600,10400,10600,10200,10400,10000,10100,9670
Armenia,,,,,,,,,,,,,,,,,,,,,,,,,,,,,,,,,,,951,1040,1150,1240,1300,1350,1440,1590,1820,2080,2310,2680,3070,3550,3850,3260,3380,3480,3730,3910,3970,4050,3980,4320,4440
Australia,19400,19400,19300,20000,21000,21900,21800,22800,23500,24500,25900,26000,26700,27100,27400,27600,27900,28400,28200,29100,29600,30300,30400,29600,30500,31600,32300,32600,33900,34300,34800,34000,33800,35200,36400,36900,37800,38900,40400,42000,43200,43500,44700,45400,46700,47100,47600,48800,49700,49900,50000,50400,52000,52800,53200,54000,54500,54600,55100
Austria,,,,,,,,,,,19500,20400,21500,22500,23400,23300,24400,25600,25600,27000,27600,27500,28000,28900,29000,29700,30200,30600,31700,32900,34200,34800,35100,35000,35600,36400,37300,37900,39200,40100,41600,41800,42600,42900,43900,44500,46100,47500,48500,46100,47300,48200,48200,48000,47900,47300,48300,48700,49900
Azerbaijan,,,,,,,,,,,,,,,,,,,,,,,,,,,,,,,,,,1770,1400,1220,1220,1280,1400,1480,1560,1710,1850,2020,2140,2560,3320,3970,4540,5180,5460,5190,5330,,,,,,
Bahamas,,,,,,,,,,,,,,,,,,,,,,,,,,,,,,29500,28200,26500,25700,25000,25300,30100,33100,27300,28100,30100,30900,31100,31500,30600,30400,30800,30900,30700,30000,28000,27900,27700,28500,27600,26500,26500,26300,26300,25700
Bahrain,,,,,,,,,,,,,,,,,,,,,,,,,,,,,,,,,,,,,,,,,22500,21800,21100,21300,21400,21600,21400,21600,20800,18800,18800,17600,20200,21000,21300,21300,21200,21000,20300
Bangladesh,,,,,,,,,,,,,,330,355,333,344,343,358,366,360,383,381,391,398,397,404,410,408,409,421,426,440,452,462,475,484,495,510,524,543,558,574,591,614,646,688,732,776,807,844,887,938,979,1010,1070,1120,1180,1260
Barbados,,,,,,,,,,,,,,,,,,,,,,,,,,,,,,,,,,,,,,,,,,,,,,,,,,,15700,,,,,,,,
Belarus,,,,,,,,,,,,,,,,,,,,,,,,,,,,,,,3170,3130,2830,2610,2300,2070,2130,2380,2590,2700,2870,3020,3190,3450,3870,4270,4700,5100,5620,5600,6070,6380,6480,6460,6590,6250,6070,6280,6470
Belgium,,,,,,,,,,,20100,20800,21800,23100,24100,23500,24800,24900,25500,26000,27100,27100,27100,27200,27900,28500,29000,29700,31000,31900,32800,33400,33800,33700,34900,35600,36000,37300,38000,39200,40600,40700,41100,41400,42500,43200,44100,45300,45600,44100,44800,44400,45400,45400,45800,46100,46400,47200,47500
Belize,,,,,,,,,,,,,,,,,,,,,2160,2140,2050,1940,1910,1860,1930,2090,2240,2450,2690,2940,3220,3350,3240,3200,3130,3150,3110,3230,3500,3510,3610,3780,3780,3810,3880,3740,3780,3930,3840,3960,3930,3880,3900,4070,3930,3820,3830
Benin,,,,,,,,,,,,,,,,,,558,551,572,593,634,629,580,598,631,626,600,604,563,597,604,588,613,602,618,625,646,658,673,692,706,714,716,727,721,727,747,767,760,753,758,768,800,829,822,834,857,890
Bhutan,,,,,,,,,,,,,,,,,,,,,,,,,,,,,,,,,,,,,,,,,1120,1190,1270,1340,1390,1480,1580,1830,1880,1960,2130,2260,2310,2350,2450,2590,2720,2810,2850
Bolivia,,,,,,,,,,,,,,,,,1690,1720,1700,1640,1560,1520,1420,1340,1310,1260,1190,1210,1230,1250,1290,1340,1350,1380,1420,1450,1490,1540,1590,1560,1570,1560,1570,1570,1590,1640,1690,1730,1820,1840,1870,1920,1960,2060,2170,2290,2390,2430,2500
Bosnia and Herzegovina,,,,,,,,,,,,,,,,,,,,,,,,,,,,,,,,,,,,,,,,,,,,,,,4310,4570,4850,4740,4710,4770,4810,5040,5160,5390,5600,5750,6010
Botswana,,,,,,,,,,,,,,,,1430,1530,1650,1810,1950,2020,2280,2450,2570,2560,2630,2750,2850,3440,3660,4020,4370,4410,4550,4130,4490,4440,4810,4970,4970,4890,5000,4700,5010,4990,5210,5570,5970,6240,5890,6160,6820,7080,7450,7690,7490,7460,7580,7750
Brazil,,,,,,,,,,,4640,5060,5540,6150,6580,6720,7190,7330,7340,7630,8080,7480,7270,6790,6990,7430,7940,8130,7940,8830,7780,7790,7640,7830,8000,8410,8360,8470,8260,8120,8560,8530,8660,8670,9080,9270,9570,10100,10500,10400,11000,11300,11500,11800,11700,11200,10700,10800,10900
Brunei,,,,,,,,,,,,,,,,,,,,,,,,,,,,,,,37100,37200,37800,36900,37100,37700,37800,36400,35400,35700,35900,36200,36800,37200,36800,36300,37400,37200,36000,35000,35000,35000,34900,34300,33400,34500,33700,33500,31900
Bulgaria,,,,,,,,,,,,,,,,,,,,,3180,3340,3410,3530,3650,3740,3890,4100,4520,4380,3810,3460,3550,3530,3600,3680,3690,3700,4010,3710,3870,4190,4620,4880,5210,5580,5850,6020,6630,6580,6700,6790,6970,6980,7250,7460,7950,8440,8790
Burkina Faso,,,,,,256,254,272,276,277,274,272,274,270,287,286,306,298,310,315,312,316,338,330,317,336,353,343,353,351,341,362,353,354,349,360,392,403,421,439,431,447,455,476,483,511,529,541,563,562,560,572,602,621,620,623,639,662,708
Burundi,,,,,,,,,,,,,,,,,,,,,,,,,,,,,,,,,,,,,,229,239,232,233,226,229,218,220,218,224,225,229,228,233,234,238,243,245,228,220,214,211
Cambodia,,,,,,,,,,,,,,,,,,,,,,,,,,,,,,,,,,,,337,344,352,357,389,416,440,456,489,530,587,641,701,732,720,750,788,826,882,921,960,1010,1060,1120
Cameroon,,,,,,,,736,774,813,825,850,865,833,907,1010,921,884,1240,1320,1110,1360,1460,1530,1630,1710,1800,1710,1540,1450,1290,1180,1120,1010,994,999,1010,1040,1070,1090,1080,1090,1110,1160,1220,1210,1230,1250,1260,1270,1270,1290,1300,1330,1390,1420,1440,1450,1470
Canada,,,,,,,,,,,22600,22800,23800,25100,25500,25500,26600,27100,27700,28300,28600,29000,27700,28300,29700,30800,31100,32000,32900,33000,32500,31500,31400,31900,32900,33500,33700,34900,35500,36600,38300,38400,39400,40600,41900,43600,45200,47900,47900,45900,46600,47700,48000,48800,49600,49600,49800,50700,50900
Cape Verde,,,,,,,,,,,,,,,,,,,,,,,,,,,,,,,,,,,,,,,,,,,,,,,,3210,3370,3280,3230,3330,3320,3330,3250,3290,3410,3490,3670
Central African Republic,,,,,,,,,,,,,,,,,,,,,,,,,,,,,,,,,,,,,,,,,,,,,,,,,,470,490,507,530,338,337,350,363,386,
Chad,,,,,,,,,,,,,,,,,,,,,,,,,,,,,,,,,,,,,,,,,,,,,,,,696,673,777,862,841,886,885,918,931,855,809,
Chile,3560,3680,3750,3890,3900,3860,4190,4250,4330,4440,4470,4860,4760,4450,4470,3750,3850,4210,4450,4750,5060,5270,4490,4160,4230,4270,4500,4800,5070,5540,5700,6050,6670,7040,7210,7770,8220,8720,9050,8850,9160,9380,9520,9600,9950,10300,10400,10900,11600,11400,11900,12600,13400,13900,14100,14300,14400,14200,14500
China,,,,,,,,,,,,,,,,,,,,,,,,,,,,,,,,,,,,1210,1320,1430,1520,1620,1750,1880,2040,2240,2460,2710,3060,3490,3820,4130,4530,4910,5310,5660,6100,6460,6860,7300,7720
Colombia,,,,,,,,,2650,2730,2810,2910,3060,3200,3330,3300,3390,3470,3690,3820,3900,3880,3790,3740,3750,3760,3880,4000,4120,4120,4260,4290,4390,4580,4800,4970,4960,5040,5010,4730,4760,4750,4790,4870,5050,5270,5540,5830,5910,5940,6090,6430,6650,6920,7220,7470,7550,7480,7420
Comoros,,,,,,,,,,,,,,,,,,,,,1410,1410,1460,1480,1500,1490,1470,1460,1450,1380,1400,1280,1370,1360,1250,1260,1210,1220,1200,1200,1300,1300,1290,1280,1280,1280,1290,1270,1290,1300,1310,1340,1340,1370,1370,1360,1370,1390,1410
"Congo, Dem. Rep.",,,,,,,,,,,,,,,,,,,,,,,,,,,,,,,,,,,368,351,366,335,324,292,285,263,268,276,284,289,297,304,304,310,320,327,335,337,359,378,401,397,403
"Congo, Rep.",1910,2010,2070,1940,1960,1980,1960,1960,2040,2120,2180,2290,2440,2490,2640,2740,2670,2360,2420,2540,2830,3350,3940,3960,4240,4090,4010,3910,3440,3360,3110,3160,3290,2960,2870,2090,2100,2340,2700,2100,1860,2080,2110,2050,1880,1550,1390,1630,1880,2120,2110,2070,2470,2660,3100,3980,3530,3160,3030
Costa Rica,2880,2820,2840,2930,2920,3040,3150,3220,3400,3510,3680,3840,3980,4200,4340,4280,4400,4690,4820,4910,4770,4230,3570,3810,4120,4090,4230,4320,4320,4440,4660,4740,5050,5280,5460,5520,5480,5640,5830,5830,5880,5970,6070,6240,6450,6640,7080,7590,7890,7600,7880,8110,8420,8460,8610,8800,9080,9220,9330
Cote d'Ivoire,,,,,,,,,,,,,,,,,,,,,,,,,,,,,,,,,,,,,,,,,,,,,,,,,1160,1170,1170,1090,1180,1240,1340,1420,1490,1550,1620
Croatia,,,,,,,,,,,,,,,,,,,,,,,,,,,,,,,,,,,,,,,,,10300,11000,11600,12100,12800,13200,13800,14600,14800,13600,13500,13500,13200,13300,13400,14000,14300,15100,15700
Cuba,,,,,,,,,,,2200,2350,2420,2460,2450,2650,2760,2970,3140,3150,2980,3550,3850,4040,4350,4380,4350,4200,4320,4310,4120,3660,3240,2740,2750,2780,3000,3070,3060,3240,3410,3520,3550,3690,3890,4330,4860,5200,5420,5460,5600,5800,5970,6130,6170,6440,6450,,
Cyprus,,,,,,,,,,,,,,,,,8960,10500,11300,12300,12800,12900,13500,14100,15100,15700,15900,16800,18100,19300,20300,20000,21200,20900,21600,22000,22000,22100,25300,24000,24400,25500,26700,27300,27900,29000,29700,30300,32200,31100,30600,31200,28700,26700,26100,27700,28500,29700,32600
Czech Republic,,,,,,,,,,,,,,,,,,,,,,,,,,,,,,,,,,,,,,,,,,,,,16100,17200,18000,18800,19200,18000,18300,18600,18700,18600,19000,19900,20400,21300,22000
Denmark,,,,,,,26200,27400,28700,30400,30600,31300,32300,33500,32900,32300,34200,34600,35300,36300,36100,35600,36700,37800,39200,40700,42700,42900,42800,42900,43300,43700,44500,44600,46900,48300,49300,50800,51900,53500,54600,55300,55500,55800,57700,59300,61600,61500,61200,57800,59000,59800,59800,60600,61600,62300,63500,64100,65400
Dominica,,,,,,,,,,,,,,,,,,,,,,,,,,,,,,,,,,,,,,,,,,,,,,,,,,,6830,,,,,,,,
Dominican Republic,1300,1220,1380,1430,1480,1260,1380,1380,1350,1450,1690,1830,2010,2170,2230,2290,2380,2400,2430,2500,2550,2580,2580,2640,2620,2440,2520,2700,2670,2770,2580,2540,2800,2910,2950,3060,3210,3440,3610,3760,3880,3920,4030,3830,3800,4240,4580,4860,5020,5000,5360,5440,5520,5680,6000,6380,6720,6930,7350
Ecuador,2210,2250,2290,2290,2390,2400,2320,2360,2330,2370,2460,2530,2580,2820,3060,3360,3480,3440,3520,3530,3540,3650,3520,3410,3370,3420,3450,3330,3390,3330,3420,3540,3580,3610,3690,3710,3680,3780,3800,3470,3430,3570,3670,3700,3920,4080,4210,4220,4490,4460,4560,4840,5050,5220,5330,5240,5080,5090,5040
Egypt,,,,,,705,722,713,685,697,720,732,739,742,738,779,856,909,950,958,1020,1060,1150,1180,1270,1270,1280,1420,1470,1490,1520,1550,1580,1590,1620,1670,1720,1780,1840,1910,1990,2020,2040,2060,2110,2140,2270,2390,2520,2570,2590,2570,2570,2560,2580,2660,2720,2760,2830
El Salvador,,,,,,,,,,,,,,,,,,,,,,,,,,,,,,,2080,2080,2220,2320,2410,2500,2490,2530,2580,2580,2600,2610,2620,2630,2640,2700,2820,2860,2940,2840,2900,2990,3030,3070,3100,3160,3200,3250,3310
Equatorial Guinea,,,,,,,,,,,,,,,,,,,,,,,,,,,,,,,,,,,,,,,,,,,,,,9890,12500,14100,13800,13800,10100,10500,11200,10900,10600,11000,9980,9100,7860
Eritrea,,,,,,,,,,,,,,,,,,,,,,,,,,,,,,,,,522,598,731,767,821,892,913,903,846,885,868,804,777,772,742,734,646,658,662,710,,,,,,,
Estonia,,,,,,,,,,,,,,,,,,,,,,,,,,,,,,,,,,,,,,,,,9620,10200,10900,11800,12700,14100,15300,16300,15700,13800,13900,15000,15700,16200,16600,17000,17500,18500,
Ethiopia,,,,,,,,,,,,,,,,,,,,,,,,,,,,,,,,,,,,,,,,,,,,,,,,,,,340,,,,,,,,
Fiji,,,,,,,,,,,,,,,,,,,,,,,,,,,,,,,,,,,,,,,,,,,,,,,,,,,3540,,,,,,,,
Finland,,,,,,,,,,,18200,18600,19900,21200,21700,22000,22000,21900,22500,24100,25300,25400,25900,26600,27300,28200,29000,29900,31400,32600,32500,30200,28700,28200,29500,30900,32200,34400,36000,37900,40100,41400,42100,42500,44600,45600,47400,49400,49500,45800,47100,47600,46800,46100,46000,46100,47000,48000,48900
France,,,,,,,,,,,,21000,21700,22900,23700,23300,24200,24900,25900,26700,27100,27200,27600,27700,27900,28300,28900,29600,30800,31900,32600,32800,33200,32900,33500,34000,34600,35400,36600,37900,38900,39500,39400,39500,40400,40800,41700,42400,42400,41000,41600,42400,42200,42200,42400,42700,43000,44000,44700
Gabon,,,,,,,,,,,7250,7740,8490,9070,12100,14500,19500,16700,11800,11100,11100,11600,11000,11300,12400,11700,11500,9290,10200,10900,10700,11000,10200,10200,10500,10600,10700,11000,11500,9990,8870,9360,9460,9280,8550,8990,8050,8090,7450,7810,7680,7600,8250,8540,9300,8990,8990,8920,
Gambia,,,,,,,,,,,,,,,,,,,,,,,,,,,,,,,,,,,,,,,,,,,,,841,795,765,767,795,821,844,748,765,763,728,735,731,744,771
Georgia,,,,,,,,,,,,,,,,,,,,,,,,,,,,,,,,,,,,,,,,,,,,,,,,,,,3140,3400,3720,3830,4030,4070,4090,4270,
Germany,,,,,,,,,,,19800,20400,21100,22100,22200,22200,23400,24200,25000,26000,26300,26400,26300,26800,27800,28500,29100,29400,30600,31600,33000,34200,34600,33900,34400,34700,35000,35500,36000,36700,37700,38200,38000,37700,38800,39200,41000,42200,42500,40700,42400,45100,45100,45200,45800,46400,47100,48100,48800
Ghana,,,,,,,,,,,,,,,,,,,,,,,,,,,,,,,,,,,,,,,,,,,,,,,1110,1130,1200,1230,1280,1400,1460,1580,1570,1600,1610,1690,
Greece,6360,7150,7130,7950,8680,9550,10100,10600,11300,12500,13600,14700,16000,17300,16200,17000,17900,18300,19200,19700,19700,19100,18800,18400,18500,18800,18800,18400,19100,19700,19700,20200,20200,19700,20000,20400,20800,21600,22300,22700,23300,24300,25000,26200,27500,27400,28600,29300,29000,27900,26400,23800,23000,22200,22700,22600,22700,23100,
Grenada,,,,,,,,,,,,,,,,,,,,,,,,,,,,,,,,,,,,,,,,,,,,,,,,,,,6880,,,,,,,,
Guatemala,1450,1460,1470,1560,1590,1620,1650,1670,1750,1780,1830,1880,1960,2040,2130,2100,2220,2350,2410,2470,2490,2430,2280,2170,2110,2050,1980,2010,2050,2080,2090,2150,2200,2240,2270,2330,2340,2390,2460,2490,2530,2540,2550,2560,2570,2590,2660,2760,2790,2740,2750,2790,2840,2890,2930,3000,3030,3060,3100
Guinea,,,,,,,,,,,,,,,,,,,,,,,,,,,,,,,,,,,,,,,,,,,,,,,633,661,671,641,665,681,708,695,716,738,800,865,883
Guinea-Bissau,,,,,,,,,,,,,,,,,,,,,,,,,,,,,,,,,,,,,,,,,532,527,521,511,515,525,530,536,534,540,555,591,565,554,576,590,612,616,621
Guyana,,,,,,,,,,,,,,,,,,,,,,,,,,,,,,,,,,,,,,,,,,,,,,,,,,,3020,3170,3330,3450,3630,3720,3740,3760,3890
Haiti,,,,,,,,,,,,,,,,,,,,,,,,,,,,,957,908,900,901,836,778,674,730,749,754,756,762,758,734,716,705,671,667,680,692,687,699,668,696,707,723,735,732,735,734,735
Honduras,1120,1080,1100,1100,1130,1180,1210,1230,1280,1260,1260,1270,1310,1370,1340,1310,1380,1470,1540,1560,1520,1460,1380,1360,1400,1440,1470,1520,1500,1490,1470,1370,1410,1490,1450,1490,1480,1520,1540,1500,1550,1550,1560,1580,1630,1690,1760,1860,1890,1790,1820,1830,1850,1860,1870,1930,1960,2020,2070
Hungary,,,,,,,,,,,,,,,,,,,,,,,,,,,,,,,,,,,,,,,,,,,,,11800,12300,12900,12700,13000,12400,12500,12800,12700,13200,13600,14100,14700,15200,16000
Iceland,,,,,,,,,,,,,,,,,,,,,,,,,,,,,,,,,,,,,,,,,,,,,,,,,,,35000,,,,,,,,
India,329,334,337,350,368,351,343,362,367,383,394,391,380,384,380,406,403,423,437,406,424,438,441,462,468,482,494,502,537,556,574,567,586,603,631,667,706,721,752,804,818,845,864,916,973,1030,1100,1170,1190,1260,1340,1400,1450,1530,1620,1730,1850,1970,2080
Indonesia,,,,,,,,,,,,,,,,,,,,,,,,,,,,,,,,,,,,,,,,,,,,,,,,,,,3040,3180,3330,3460,3570,3700,3850,3990,4150
Iran,,,,,,,,,,,,,,,,,,,7780,7100,4960,4570,5530,5640,4940,4860,4220,4090,3690,3800,4150,4550,4590,4570,4400,4500,4580,4580,4650,4580,4820,4800,5090,5470,5620,5730,5960,6390,6340,6310,6600,6700,6170,6080,6250,6090,6810,6960,
Iraq,,,,,,,,,,,,,,,,,,,,,,,,,,,,,,,,,,,,,,,,,,,,,,,,,,,4710,,,,,,,,
Ireland,,,,,,,,,,,,,,,,,,,,,,,,,,,,,,,,,,,,26800,28700,31100,33200,35400,38200,38700,39700,41300,43500,45100,46700,47200,44200,40200,40800,39500,39100,41100,44400,49600,54100,56800,
Israel,,,,,,,,,,,13600,14700,16000,16200,16700,16700,16400,16300,16700,17300,17100,17700,17600,17900,17400,17700,18400,19600,20000,19800,20800,21300,22100,22400,23400,24400,24900,25100,25500,25400,26000,26000,25600,25400,26200,27300,28400,29600,29500,28900,30100,31100,30900,31700,32800,32800,33400,33900,34700
Italy,,,,,,,,,,,17800,18000,18600,19700,20600,20000,21300,21800,22400,23800,24600,24600,24600,24900,25700,26400,27100,28000,29200,30100,30500,30900,31000,30800,31400,32500,32900,33700,34300,34900,36200,36900,36900,36800,37200,37400,38100,38300,37300,35500,35900,36100,35000,33900,33700,33700,34600,35300,35800
Jamaica,,,,,,,,,,,,,,,,,,,,,,,,,,,,,,,,,,,,,,,,,,,,,,,,4840,4840,4540,4530,4590,4640,4590,4600,4580,4560,4640,4630
Japan,,,,,,,,,,,18700,19300,20700,22200,21400,21800,22500,23200,24300,25400,25900,26700,27500,28300,29400,30800,31600,33000,35100,36700,38400,39500,39800,39600,39800,40700,42000,42400,41800,41600,42800,42900,42800,43400,44500,45400,46200,47100,46300,43800,45700,45800,46500,47800,48100,48900,49000,50200,
Jordan,,,,,,,,,,,,,,,,,2040,2140,2520,2670,3070,3140,3230,3140,3200,3160,3240,3170,2930,2420,2340,2180,2510,2510,2530,2600,2570,2630,2680,2720,2870,2990,3070,3140,3350,3500,3660,3820,3860,3860,3660,3560,3450,3370,3320,3270,3250,3250,3250
Kazakhstan,,,,,,,,,,,,,,,,,,,,,,,,,,,,,,,,,,4660,4120,3840,3910,4030,4020,4100,4360,5020,5570,6000,6450,6780,7140,7570,7410,7770,7880,8010,8430,9240,9540,10200,9700,9680,9680
Kenya,,,,,527,522,578,576,604,638,589,695,783,780,787,771,748,791,815,845,864,864,838,823,805,809,835,852,871,889,885,865,832,792,796,820,843,827,834,827,812,819,803,803,823,855,883,917,897,901,948,983,996,1020,1050,1080,1120,1150,1190
Kiribati,,,,,,,,,,,,,,,,,,,,,,,,,,,,,,,,,,,,,,,,,,,,,,,,,,,2220,,,,,,,,
Kuwait,,,,,,,,,,,,,,,,,,,,,,,,,,,,,,,,,,,,,,,,,,,,,,,,,,,41400,42600,43800,42100,40700,39500,40000,37700,37700
Kyrgyz Republic,,,,,,,,,,,,,,,,,,,,,,,,,,,,,,,,,,705,557,518,547,585,584,589,612,651,647,687,717,715,742,801,839,855,824,826,874,925,956,976,984,1010,1050
Lao,,,,,,,,,,,,,,,,,,,,,,,,,,,,,,,,,,,,,,,,,651,677,707,726,769,823,850,920,963,1040,1070,1130,1210,1300,1390,1470,1550,,
Latvia,,,,,,,,,,,,,,,,,,,,,,,,,,,,,,,,,,,,5180,5360,5910,6340,6470,6950,7520,8140,8850,9550,10800,12000,13200,13200,12400,11500,12300,12900,13400,13700,14300,14700,15400,16000
Lebanon,,,,,,,,,,,,,,,,,,,,,,,,,,,,,,,3660,4380,4940,5100,5320,5510,5920,5860,5950,5860,5830,5690,5370,4590,5440,5610,5720,6380,6880,7340,7650,7410,7160,6880,6570,6330,6220,6270,6210
Lesotho,,,,,,,,,,,,,,,,,,,,,,,,,,,,,,,,,,,,,,,,,,,,,,,,1400,1470,1440,1500,1500,1530,1540,1550,1590,1640,1580,1590
Liberia,,,,,,,,,,,,,,,,,,,,,,,,,,,,,,,,,,,,,,,,,554,533,530,358,399,408,425,453,466,460,467,502,508,538,528,521,500,497,477
Libya,,,,,,,,,,,,,,,,,,,,,,,,,,,,,,,,,,,,,,,,,,,,,,,,,,,12100,,,,,,,,
Liechtenstein,,,,,,,,,,,,,,,,,,,,,,,,,,,,,,,,,,,,,,,,,,,,,,,,,,,119000,,,,,,,,
Lithuania,,,,,,,,,,,,,,,,,,,,,,,,,,,,,,,,,,,,,,,,,,,,,9430,10400,11300,12400,12900,11700,11900,12600,13200,14000,14700,14800,15300,16200,17100
Luxembourg,,,,,,,,,,,35300,35700,38000,39400,39400,39300,41600,42400,43300,41300,37800,32700,39400,46900,48400,51100,54800,57200,60300,64300,67500,72900,72600,73900,73200,75600,75700,81800,82300,85600,89900,93400,87500,80700,93200,95500,87300,103000,97000,70700,75700,72400,70700,68700,68900,69300,69100,69600,69400
Madagascar,789,787,785,758,769,747,771,793,825,829,851,858,828,783,773,762,718,719,680,723,708,614,584,569,550,545,538,521,519,523,542,482,482,480,461,455,454,463,469,479,483,499,421,449,457,466,476,495,514,477,466,460,454,452,457,453,458,468,476
Malawi,,,,,,,,,,,,,,,,,,,,,,,,,,,,,,,,,,,,,,,,,,,357,368,378,382,389,417,436,457,471,481,472,479,494,493,502,510,
Malaysia,1290,1370,1420,1480,1500,1570,1650,1700,1790,1810,1890,2010,2150,2330,2440,2430,2630,2760,2850,3030,3210,3360,3440,3510,3660,3520,3500,3590,3850,4070,4370,4630,4900,5270,5620,6010,6450,6700,6040,6150,6470,6430,6680,7000,7340,7630,8020,8420,8570,8380,8750,9150,9380,9730,10200,10600,10900,11400,11700
Maldives,,,,,,,,,,,,,,,,,,,,,,,,,,,,,,,,,,,,,,,,,,,,,,,,,,,6230,,,,,,,,
Mali,,,,,,,,,,,,,,,,,,,,,,,,,,,,,,,480,528,498,502,501,489,510,520,546,565,551,594,586,638,628,648,652,660,672,680,682,684,655,659,685,706,720,729,749
Malta,,,,,,,,,,,,,,,,,,,,,,,,,,,,,,,,,,,,,,,,,17900,18500,18800,19000,19000,19000,19200,20000,20600,19100,20000,20600,20800,21400,22900,24400,24400,25400,26300
Marshall Islands,,,,,,,,,,,,,,,,,,,,,,,,,,,,,,,,,,,,,,,,,,,,,3600,3650,3570,3640,3380,3380,3510,3490,3280,3470,3570,3880,3880,3940,4020
Mauritania,,,,,,,,,1160,1110,1230,1210,1170,1120,1230,1070,1060,1060,1060,1080,1100,1080,1030,1020,981,961,975,968,973,1000,962,971,967,989,933,999,1100,1020,1030,1080,1040,1000,1040,1070,1100,1160,1260,1270,1270,1240,1220,1210,1240,1280,1300,1290,1290,1300,1330
Mauritius,,,,,,,,,,,,,,,,,2420,2510,2560,2590,2280,2340,2430,2430,2500,2650,2900,3180,3370,3540,3770,3930,4140,4290,4370,4530,4710,4940,5180,5260,5640,5810,5870,6120,6370,6450,6790,7280,7560,7710,7930,8160,8840,9420,9760,10100,10500,11000,11400
Mexico,3820,3890,3950,4140,4470,4620,4730,4950,5250,5260,5420,5460,5730,6020,6170,6320,6400,6430,6820,7290,7740,8130,7640,7300,7420,7490,7050,7090,7110,7280,7550,7760,7900,7940,8180,7440,7840,8320,8620,8760,9060,8920,8810,8810,9050,9070,9400,9460,9450,8800,9160,9330,9500,9410,9610,9790,9940,10000,10100
"Micronesia, Fed. Sts.",,,,,,,,,,,,,,,,,,,,,,,,,,,,,,,,,,,,,,,,,,,,,,,,,,,2990,,,,,,,,
Moldova,,,,,,,,,,,,,,,,,,,,,,,,,,,,,,,,,,,,1290,1270,1290,1200,1160,1180,1310,1420,1590,1730,1850,1930,1960,2120,1920,2100,2220,2260,2470,2570,2500,2600,2730,2800
Mongolia,,,,,,,,,,,,,,,,,,,,,,,,,,,,,,,,,,,,,,,,,,,,,,,,,,,2430,2790,3080,3460,3560,3580,3540,3400,3800
Montenegro,,,,,,,,,,,,,,,,,,,,,,,,,,,,,,,,,,,,,,,,,,,,,,,6180,6560,7050,6530,6640,6950,6820,7080,7150,7460,7570,8040,8360
Morocco,,,,,,,804,865,926,983,1020,1050,1050,1060,1100,1160,1250,1300,1290,1310,1320,1250,1330,1320,1370,1410,1530,1490,1620,1640,1680,1760,1700,1650,1800,1670,1870,1810,1930,1930,1940,2060,2100,2200,2290,2350,2500,2560,2690,2730,2800,2900,2940,3050,3050,3160,3150,3240,3290
Mozambique,,,,,,,,,,,,,,,,,,,,,,,,,,,,,,,,215,192,205,209,210,228,247,266,295,282,308,303,339,351,362,375,397,417,444,457,486,511,532,552,568,571,570,579
Myanmar,,,,,,,,,,,,,,,,,,,,,,,,,,,,,,,,,,,,,,,,,,,,,,,,,,,979,1030,1050,1140,1200,1290,1370,1450,
Namibia,,,,,,,,,,,,,,,,,,,,,3610,3970,3790,3760,3570,2980,3200,3570,3240,3380,3570,3810,3880,3740,3710,3860,3820,3900,3970,3930,4120,4070,4270,4530,4830,4740,5030,5060,5110,5010,5120,5350,5440,5850,6140,6380,6240,6000,5900
Nauru,,,,,,,,,,,,,,,,,,,,,,,,,,,,,,,,,,,,,,,,,,,,,,,,,,,5730,,,,,,,,
Nepal,,,,,,,,,,,,,,,,,,,,,,,,,,,,,,,,,,,,,,,,,,471,462,473,488,502,514,527,553,574,597,615,648,676,723,744,741,789,824
Netherlands,,,,,,,,,,24100,25100,25700,26400,27800,28400,27700,28900,29400,29800,30600,30500,29900,29400,30000,30900,31200,31900,32700,33500,34800,35600,36300,36600,37000,38000,39300,40500,41800,42900,45500,47300,46900,46800,47300,47800,47800,50400,51800,51200,50000,51100,52200,51600,51200,51000,51900,51900,54300,55600
New Zealand,,,,,,,,,,,,20300,20800,22100,23000,22000,21800,20900,20900,21600,21800,22700,22600,22900,23500,23700,24400,24300,24300,24200,24100,22200,22300,23200,24200,25100,25300,25800,26200,27100,27800,28800,29600,30400,30900,31300,31700,32200,31600,32200,32000,32700,33300,34000,34700,35500,36100,36200,
Nicaragua,,,,,,,,,,,,,,,,,,,,,,,,,,,,,,,,,,,917,992,1060,1100,1150,1210,1240,1250,1250,1270,1320,1380,1400,1460,1490,1410,1460,1530,1610,1670,1730,1780,1840,1900,1820
Niger,,,,,,,,,,,,,,,,,,,,,,,,,,,,,,,,,,,,,,,,,,,,,,,333,330,347,331,345,339,360,363,378,378,381,385,395
Nigeria,,,,,,,,,,,,,,,,,,,,,,1720,1570,1360,1310,1350,1310,1300,1390,1350,1460,1430,1440,1360,1320,1300,1320,1330,1330,1330,1280,1360,1530,1580,1670,1730,1890,1900,1980,2070,2170,2230,2270,2360,2490,2510,2410,2350,2330
North Macedonia,,,,,,,,,,,,,,,,,,,,,,,,,,,,,,,3810,3600,3310,3080,3050,3030,3050,3070,3150,3250,3390,3300,3330,3400,3570,3690,3930,4000,4370,4370,4480,4560,4520,4640,4830,4940,5020,5030,5150
Norway,,,,,,,,,,,,,,,,,,,43500,45100,47200,47700,47600,49500,52500,55700,57900,58700,57800,58000,58800,60200,62600,63900,67100,69800,72900,76400,77900,79100,80700,83000,83900,84500,87000,89400,89900,91300,90500,88700,88700,88300,89400,89500,92200,93800,94000,95300,96000
Oman,,,,,,,,,,,,,,,,,,,,,,,,,,,,,,,,,,,,,,,,,18200,18900,18100,17500,17400,17100,16300,17900,18300,18400,18100,16600,16900,16800,15900,16400,16500,16000,15700
Pakistan,,,,,,,,,,,,,,,,,,,,,,,,,,,687,735,751,759,775,776,802,791,794,815,821,802,798,805,814,810,832,874,909,955,988,1010,1010,1020,1030,1040,1060,1080,1110,1150,1190,1220,1260
Palau,,,,,,,,,,,,,,,,,,,,,,,,,,,,,,,,,,,,,,,,,,,,,,11700,11700,12300,11700,11100,11200,11900,12100,11800,12300,13700,13700,12800,13000
Palestine,,,,,,,,,,,,,,,,,,,,,,,,,,,,,,,,,,,2130,2200,2110,2340,2690,2830,2420,2060,1730,1930,2050,2260,2140,2250,2320,2400,2510,2770,2890,2920,2910,2990,3080,3100,3110
Panama,1910,2070,2180,2310,2350,2450,2560,2680,2790,2940,3060,3260,3310,3390,3370,3420,3330,3290,3540,3570,3990,4180,4540,4460,4290,4550,4390,4710,3800,3690,3930,4100,4400,4650,4740,4640,4750,4900,5140,5170,5290,5190,5380,5330,5540,5800,6190,6750,7340,7250,7340,8330,8920,9280,9310,9650,9950,10400,
Papua New Guinea,,,,,,,,,,,,,,,,,,,,,,,,,,,,,,,,,,,,,,,,,,,,,,,,,,,1800,,,,,,,,
Paraguay,,,,,,,,,,,,,,,,,,,,,,,,,,,,,,,,,,,,3500,3690,3630,3550,3420,3130,3090,3100,2920,3060,3110,3340,3630,3860,3780,4150,4320,4210,4510,4690,4760,4890,5110,5250
Peru,2540,2660,2870,2910,3000,3100,3250,3270,3170,3190,3240,3310,3330,3430,3670,3720,3640,3630,3390,3380,3530,3650,3560,3050,3080,3100,3280,3540,3030,2670,2500,2570,2510,2570,2850,2990,3050,3200,3160,3160,3180,3180,3300,3370,3440,3590,3730,4030,4410,4450,4710,4950,5280,5620,5730,5920,6010,6030,6140
Philippines,1050,1080,1100,1140,1140,1160,1180,1200,1210,1240,1240,1270,1300,1390,1400,1440,1510,1560,1600,1640,1670,1680,1670,1660,1470,1330,1340,1370,1430,1470,1510,1480,1470,1470,1520,1560,1620,1700,1780,1790,1890,1920,1950,2000,2090,2160,2210,2300,2360,2430,2560,2590,2730,2900,3020,3150,3310,3470,3630
Poland,,,,,,,,,,,,,,,,,,,,,,,,,,,,,,,,,,,,6450,6880,7320,7660,8020,8490,8610,8790,9050,9310,9780,10400,10900,11600,11800,12100,12800,12900,13200,13600,14100,14500,15200,15900
Portugal,,,,,,,,,,,8930,9490,10300,11500,11500,10400,10700,11100,11300,11700,12100,12100,12100,12000,11700,12000,12700,13700,14800,15900,16600,17400,17700,17300,17400,18200,18700,19300,20100,20800,21200,21400,21500,21300,21600,21700,21700,22200,22100,21400,21800,21800,20800,21000,21100,21400,22000,22800,23500
Qatar,,,,,,,,,,,,,,,,,,,,,,,,,,,,,,,,,,,,,,,,,,,,59300,61600,54800,61900,61200,60500,57400,60400,63100,62200,61900,61800,63100,63000,62500,
Romania,,,,,,,,,,,,,,,,,,,,,,,,,,,,,,,5370,4730,4340,4410,4590,4880,5080,4840,4740,4730,4870,5200,5580,5680,6190,6590,7130,7750,8680,8360,8080,8270,8480,8760,9190,9470,9950,10700,11200
Russia,,,,,,,,,,,,,,,,,,,,,,,,,,,,,,,9550,9040,7650,7010,6170,5890,5650,5700,5300,5670,6330,6770,7090,7550,8190,8720,9410,10300,10800,9910,10300,10800,11100,11300,11200,11000,11000,11200,11400
Rwanda,,,,,,,,,,,336,329,321,320,315,300,347,342,362,392,414,423,418,427,393,393,395,375,375,365,356,357,399,392,206,286,309,330,331,321,328,341,378,379,401,433,470,495,535,553,578,608,642,653,673,712,735,761,806
Samoa,,,,,,,,,,,,,,,,,,,,,,,,,,,,,,,,,,,,,,,,,,,,,,,,,,,3460,,,,,,,,
Sao Tome and Principe,,,,,,,,,,,,,,,,,,,,,,,,,,,,,,,,,,,,,,,,,,,,,,,,,,,1100,,,,,,,,
Saudi Arabia,,,,,,,,,,,,,,,,,,,,,,,,,,,,,,,,,,,,,,,,,18400,17800,16800,18100,19000,19500,19600,19500,20200,19200,19500,20900,21400,21300,21600,21900,21700,21000,21000
Senegal,,,,,,,,,1280,1170,1220,1190,1220,1110,1120,1170,1250,1190,1110,1160,1090,1110,1160,1070,1070,1070,1070,1110,1060,1080,1040,1040,1030,1000,976,1000,1010,1020,1060,1090,1100,1120,1100,1150,1190,1230,1230,1250,1270,1260,1270,1240,1270,1270,1310,1350,1390,1450,1500
Serbia,,,,,,,,,,,,,,,,,,,,,,,,,,,,,,,,,,,,,,3480,3560,3130,3410,3580,3820,3990,4360,4800,5060,5370,5650,5580,5610,5770,5700,5850,5790,5870,6040,6130,6530
Seychelles,,,,,,,,,,,,,,,,,,,,,,,,,,,,,,,,,,,,,,,,,,,,,,,,,,,10200,,,,,,,,
Sierra Leone,,,,,,,,,,,,,,,,,,,,,,,,,,,,,,,,,,,,,,,,,,266,323,338,344,346,350,394,416,424,406,412,485,552,556,435,408,452,
Singapore,3600,3760,3940,4250,4050,4260,4570,4990,5530,6170,6860,7480,8310,8840,9170,9770,10200,10700,11500,12400,12800,13500,13900,15300,16700,16800,16900,17900,19700,21200,22400,23100,24200,25800,28400,29700,30200,32500,30600,32000,33600,32400,32900,34600,36200,38100,41600,43500,41600,39800,46700,47500,47900,49000,51200,50200,50900,52700,54200
Slovak Republic,,,,,,,,,,,,,,,,,,,,,,,,,,,,,,,,,,,,8720,9300,9760,10100,10100,10200,10600,11000,11100,11800,12700,13800,15300,16300,15600,16200,16400,17000,17300,17700,18300,18800,19300,
Slovenia,,,,,,,,,,,,,,,,,,,,,,,,,,,,,,,,,,,,,,,,,,,,,20900,21700,22800,24000,24800,22900,23200,23300,22600,22400,23100,23100,23900,25300,26300
Solomon Islands,,,,,,,,,,,,,,,,,,,,,,,,,,,,,,,,,,,,,,,,,,,,,,,,,,,941,,,,,,,,
South Africa,4470,4510,4710,4950,5200,5380,5480,5740,5810,5920,6070,6180,6110,6210,6410,6320,6310,6140,6170,6250,6480,6650,6450,6160,6310,6040,5900,5920,6050,6040,5870,5720,5480,5420,5480,5520,5640,5680,5610,5660,5810,5850,6020,6110,6360,6610,6890,7060,7210,7060,7170,7260,7290,7370,7380,7370,7270,7250,7190
South Korea,955,995,1000,1060,1140,1190,1310,1410,1560,1740,1850,1980,2070,2330,2520,2630,2940,3260,3580,3810,3660,3840,4120,4580,4980,5270,5800,6530,7270,7750,8450,9230,9700,10300,11100,12000,12800,13400,12500,13800,15000,15600,16700,17100,17900,18400,19400,20300,20800,20800,22100,22900,23400,23900,24400,24900,25600,26200,26700
Spain,,,,,,,,,,,13400,13900,14900,16000,16800,16600,16900,17100,17200,17100,17300,17000,17100,17300,17500,18000,18600,19600,20500,21500,22300,22800,22800,22600,22700,23600,24100,24800,25800,26900,28200,28900,29400,29800,30200,30600,31200,31500,31200,30000,30100,29600,29000,28700,29300,30500,31500,32300,33000
Sri Lanka,,573,596,588,603,600,620,643,656,697,672,654,645,672,677,699,683,706,772,872,918,941,981,998,1010,1070,1100,1110,1120,1120,1180,1220,1270,1340,1400,1450,1500,1590,1640,1700,1790,1750,1810,1920,2000,2100,2250,2390,2480,2580,2770,2990,3230,3290,3420,3550,3660,3750,3820
St. Kitts and Nevis,,,,,,,,,,,,,,,,,,,,,,,,,,,,,,,,,,,,,,,,,,,,,,,,,,,14900,,,,,,,,
St. Lucia,,,,,,,,,,,,,,,,,,,,,,,,,,,,,,,,,,,,,,,,,,,,,,,,,,,7810,,,,,,,,
St. Vincent and the Grenadines,,,,,,,,,,,,,,,,,,,,,,,,,,,,,,,,,,,,,,,,,,,,,,,,,,,6180,,,,,,,,
Sudan,,,,,,,,,,,,,,,,,962,990,901,825,812,814,852,836,752,688,707,792,758,797,709,692,742,777,782,815,864,939,950,943,956,981,1020,1060,1060,1120,1210,1300,1370,1370,1370,1530,1650,1180,1660,1710,1750,1800,1740
Suriname,,,,,,,,,,,,,,,,,,,,,,,,,,,,,,,,,,,,,,,,,,,,,,,,,,,8060,,,,,,,,
Swaziland,,,,,,,,,,,,,,,,,,,,,,,,,,,,,,,3000,2990,3030,2960,2830,3080,3230,3270,3170,3270,3180,3350,3250,3290,3470,3900,3880,4060,4010,3960,3960,4210,4410,4620,4590,4700,4650,4620,
Sweden,,,,,,,,,,,26500,26600,27100,28200,29000,29700,29900,29200,29700,30800,30900,30800,30900,31400,32700,33400,34400,35700,36400,37000,36700,35700,34500,33300,35100,36400,37000,38100,40100,42600,44700,45300,46200,47700,49000,50700,53300,55000,54700,51300,54300,55100,54500,54600,55500,56600,57200,58200,58800
Switzerland,,,,,,,,,,,50700,52200,53300,54600,55200,50800,50800,52600,52400,53900,56000,56900,55700,56100,57900,59700,60100,60600,62600,64400,65600,64300,63400,63000,62800,63300,63500,65900,67900,69300,72300,70900,69700,71900,73100,76400,78200,75600,70800,74600,79000,75900,76600,77100,76700,78400,77700,,
Tajikistan,,,,,,,,,,,,,,,,,,,,,,,,,,,,,,,,,,740,462,475,378,395,412,421,440,476,519,560,620,652,684,731,778,790,926,981,1030,1090,,,,,
Tanzania,,,,,,,,,,,,,,,,,,,,,,,,,,,,,,,497,493,479,470,464,469,483,486,496,508,517,527,558,576,601,625,659,676,696,712,730,763,777,804,832,855,884,915,
Thailand,569,582,608,637,660,695,749,792,831,860,931,946,956,1020,1050,1070,1140,1220,1310,1350,1390,1430,1480,1550,1600,1640,1690,1820,2030,2250,2470,2640,2800,3030,3230,3460,3590,3430,3100,3240,3390,3450,3600,3810,4010,4140,4360,4580,4630,4580,4860,4970,5190,5210,5310,5450,5630,5850,6070
Timor-Leste,,,,,,,,,,,,,,,,,,,,,,,,,,,,,,,,,,,,,,,,,1860,1940,2100,1750,1270,680,1200,2490,2690,3080,3050,2980,1770,2330,2120,3100,3130,2780,
Togo,,,,,,,,,,,,,,,,,,,,,,,,,,,,,,,,,,,,,,,,,,,,,,,,,,513,530,574,573,594,617,651,654,660,677
Tonga,,,,,,,,,,,,,,,,,,,,,,,,,,,,,,,,,,,,,,,,,,,,,,,,,,,3670,,,,,,,,
Trinidad and Tobago,,,,,,,,,,,,,,,,,,,,,,,,,,,,,,,,,,,,,,,,,,,,,,,,,,,15900,,,,,,,,
Tunisia,,,,,,1080,1100,1070,1140,1170,1210,1320,1510,1460,1550,1630,1700,1730,1800,1870,1960,2010,1940,1990,2040,2080,2000,2070,2030,2020,2160,2180,2290,2260,2300,2330,2450,2570,2670,2800,2890,2980,3000,3120,3290,3340,3490,3660,3750,3850,3950,3820,3950,4010,,,,,
Turkey,,,,,,,,,,,,,,,,,,,,,,,,,,,,6230,6230,6170,6670,6600,6820,7240,6730,7190,7610,8060,8150,7730,8120,7440,7850,8180,8880,9590,10100,10500,10500,9860,10600,11600,12000,12700,13200,13700,13900,14700,14800
Turkmenistan,,,,,,,,,,,,,,,,,,,,,,,,,,,,,,,,,,,,,,,,,,,,,,,,,,,4070,,,,,,,,
Tuvalu,,,,,,,,,,,,,,,,,,,,,,,,,,,,,,,,,,,,,,,,,,,,,,,,,,,4840,,,,,,,,
Uganda,,,,,,,,,,,,,,,,,,,,,,,302,306,298,278,271,273,285,291,298,304,300,320,329,358,380,390,398,418,412,414,441,455,468,481,518,548,578,598,612,650,650,651,661,674,679,675,688
Ukraine,,,,,,,,,,,,,,,,,,,,,,,,,,,,,,,,3710,3260,2730,2150,1890,1720,1690,1660,1660,1770,1970,2100,2330,2630,2730,2940,3180,3290,2790,2920,3060,3100,3100,3080,2790,2880,2900,3030
United Arab Emirates,,,,,,,,,,,,,,,,,,,,,,,,,,,,,,,,,,,,,,,,,,63900,59700,60300,60600,57000,54600,49000,43100,36400,33900,34600,35400,37000,38600,40400,41300,41000,41000
United Kingdom,,,,,,,,,,,17800,18300,19000,20300,19800,19400,20000,20400,21300,22000,21500,21300,21700,22700,23200,24100,24800,26100,27500,28100,28200,27800,27900,28500,29700,30600,31300,32400,33700,34500,35800,36900,37800,38800,39400,40500,40800,41300,40700,38700,39500,39900,39600,39800,40500,41000,41500,42500,42700
United States,,,,,,,,,,,23300,23700,24700,25900,25600,25200,26400,27300,28500,29200,28800,29200,28400,29400,31300,32200,32900,33800,34900,35800,36100,35600,36300,36800,37800,38400,39400,40600,41900,43400,44700,44800,45100,46000,47400,48600,49400,50000,49600,47900,48900,49400,50100,50600,51500,52500,52900,53800,55100
Uruguay,,,,,,5340,5440,5160,5220,5510,6370,5600,5470,5130,5650,5930,6160,6240,6530,6950,7070,7380,6520,5610,5400,5450,6040,6540,6600,6600,6640,6910,7450,7600,8070,7920,8320,9030,9380,9210,8990,8630,8030,7720,8090,8830,9250,9830,10400,10800,11500,12100,12000,12800,13000,13300,13400,13600,13600
Uzbekistan,,,,,,,,,,,,,,,,,,,,,,,,,,,,,,,,,,,,874,869,891,920,946,962,987,1020,1050,1130,1190,1260,1430,1560,1600,1640,,,,,,,,
Vanuatu,,,,,,,,,,,,,,,,,,,,,,,,,,,,,,,,,,,,,,,,,,,,,2420,2450,2650,2710,2970,2900,2860,2830,2710,2850,2870,,,,
Venezuela,,11800,12400,12500,13200,13300,13200,13200,13600,13400,14100,13800,13800,14300,14300,14700,15400,15900,15800,15400,14400,14000,13000,12100,11800,11500,12100,12100,12600,10900,11800,12700,13000,12700,12100,12400,12200,12600,12500,11600,11800,12000,10600,9590,11100,12200,13400,14700,15000,14200,13700,13700,14300,14200,13900,,,,
Vietnam,,,,,,,,,,,,,,,,,,,,,,,,,,,,,,,,,,,529,578,619,659,688,716,810,852,897,948,1020,1000,1060,1120,1160,1100,1270,1330,1380,1440,1500,1580,1680,1700,1820
Yemen,,,,,,,,,,,,,,,,,,,,,,,,,,,,,,,,,,,,,,,,,,,,,,,,,,,1260,,,,,,,,
Zambia,,,,,,,,,,,,,,,,,,,,,,,,,,,,,,,,,,,,,,,,,,,,,,,,,,,1390,,,,,,,,
Zimbabwe,,,,,,,,,,,,,,,,,,,,,,,,,,,,,,,,,,,,,,,,,,,,,,,,,,692,836,921,1070,1110,1120,1100,1110,1150,1320
